{"cameraMode":{"drawMode":0,"name":"Shaded","section":"Shading Mode"},"sceneLighting":true,"audioPlay":false,"sceneViewState":{"showFog":true,"showMaterialUpdate":false,"showSkybox":true,"showFlares":true,"showImageEffects":true,"showParticleSystems":true},"in2DMode":false,"pivot":{"x":19.50579071044922,"y":-0.3203125,"z":16.6606388092041},"rotation":{"x":0.2077012062072754,"y":0.03960437700152397,"z":-0.008417660370469094,"w":0.9773571491241455},"size":30.543127059936525,"orthographic":true}